list_date,symbol,score,setups,entry_style,zone_status,deep_pullback,drop_from_20d_high_pct,close,support,resistance,room_pct,pat_A_uptrend,pat_B_base_breakout,pat_C_pullback,pat_D_retest,pat_E_candle,pat_F_room,pat_G_rel_strength,vol_ok,smc_sweep,smc_order_block,smc_fvg,smc_choch,vol_ratio_today,trigger_vol_ratio,candle,ret_1m,ret_3m,rs_3m_vs_nifty,pct_below_high52,base_days,base_range_pct,warning,n_flags,price_band,avg_value20_cr,segment,in_midcap150,sector_tag,support_kind
2026-10-07,BBOX,8,B+A+G+Vol,Breakout,,False,0.93,884.85,854.6,1000.0,10.86,True,True,False,False,False,True,True,True,False,False,False,False,3.28,3.28,,14.78,-4.07,1.28,24.65,10.0,10.19,,0,10,63.97,Cash (non-F&O),False,Weakening,
2026-10-07,GKSL,11,D+C+A+G+OB,Retest,In buy zone,False,12.12,187.12,186.99,209.8,8.93,True,False,True,True,False,True,True,False,False,True,False,False,0.96,0.96,,6.11,42.86,48.22,12.12,,,,0,20,51.53,Cash (non-F&O),False,No data,
2026-10-07,GLAND,6,B+G+Vol,Breakout,,False,0.65,3150.6,3042.0,,,False,,False,False,False,True,True,True,False,False,False,False,3.22,3.22,,6.46,27.07,32.43,0.65,,,,0,20,119.96,Cash (non-F&O),False,Leading,
2026-10-07,HDFCLIFE,6,C+A+G,Pullback,Above buy zone by 3.3%: wait for a dip into the zone,False,3.91,546.05,513.4,561.95,6.27,True,,True,False,False,True,True,False,False,False,False,False,0.51,0.51,,2.29,-3.81,1.54,44.4,,,,0,No Band,252.26,F&O,False,Improving,
2026-10-07,IBULLSLTD,7,B+G+OB,Breakout,,False,0.0,32.49,30.95,,,False,,False,False,False,True,True,False,False,False,False,False,1.13,1.13,,25.2,9.65,15.01,0.03,,,5% band,1,5,53.79,Cash (non-F&O),False,No data,
2026-10-07,IOLCP,8,B+A+G+Vol,Breakout,,False,1.72,220.22,216.55,,,True,True,False,False,False,True,True,True,False,False,False,False,1.9,1.9,,4.38,28.74,34.09,1.72,10.0,10.77,ASM,1,20,69.54,Cash (non-F&O),False,No data,
2026-10-07,PETRONET,6,B+G+Vol,Breakout,,False,0.88,297.0,294.0,326.4,7.87,False,,False,False,False,True,True,True,False,False,False,False,1.72,3.1,,2.08,7.16,12.52,9.9,,,,0,No Band,54.72,F&O,True,Leading,
2026-10-07,SHREEJISPG,8,B+A+G+Vol,Breakout,,False,0.74,802.1,799.5,,,True,True,False,False,False,True,True,True,False,False,False,False,2.05,2.05,,14.88,45.37,50.73,0.74,10.0,11.92,ASM,1,10,71.23,Cash (non-F&O),False,Leading,
2026-10-07,SYNCOMF,10,D+C+E+A+G,Retest,Above buy zone by 1.4%: wait for a dip into the zone,False,10.22,24.94,23.87,27.49,11.81,True,,True,True,True,True,True,False,False,False,False,False,1.36,1.36,Inside-day breakout,18.93,75.88,81.24,10.22,,,ASM,1,20,75.92,Cash (non-F&O),False,No data,"old weekly high, week of 09 Dec 2024, broken week of 28 Sep 2026"
2026-10-06,AETHER,10,B+A+G+Vol+OB,Breakout,,False,0.79,1799.8,1798.0,,,True,True,False,False,False,True,True,True,False,True,False,False,4.97,4.97,Bullish engulfing,10.72,27.34,33.99,0.79,10.0,10.91,,0,20,61.68,Cash (non-F&O),False,Leading,
2026-10-06,GNA,8,D+E+G+OB,Retest,Above buy zone by 1.0%: wait for a dip into the zone,False,5.23,615.8,592.0,648.0,6.27,False,False,False,True,True,True,True,False,False,True,False,False,0.99,0.99,Inside-day breakout,11.75,34.04,40.69,5.23,,,ASM,1,20,56.06,Cash (non-F&O),False,No data,
2026-10-06,GRANULES,8,C+A+G+Sweep,Pullback,Above buy zone by 1.0%: wait for a dip into the zone,False,10.43,836.4,804.3,883.0,6.59,True,False,True,False,False,True,True,False,True,False,False,False,0.38,0.38,,-1.4,-2.69,3.96,10.43,,,,0,20,117.2,Cash (non-F&O),False,Leading,
2026-10-06,ROSSTECH,6,C+A+G,Pullback,Above buy zone by 4.0%: wait for a dip into the zone,False,5.39,1612.1,1505.0,1699.0,9.6,True,False,True,False,False,True,True,False,False,False,False,False,1.0,1.0,,40.12,67.07,73.72,5.39,,,,0,20,73.2,Cash (non-F&O),False,No data,
2026-10-06,SKYGOLD,6,B+G+Vol,Breakout,,False,2.26,857.65,851.95,,,False,True,False,False,False,True,True,True,False,False,False,False,5.59,5.59,,8.82,37.6,44.25,2.26,20.0,11.36,ASM,1,20,71.94,Cash (non-F&O),False,Weakening,
2026-10-05,AEROFLEX,7,C+A+G+Vol,Pullback,Above buy zone by 1.3%: wait for a dip into the zone,False,7.31,544.35,521.9,584.15,8.67,True,False,True,False,False,True,True,True,False,False,False,False,1.85,1.85,,0.41,31.64,39.32,7.31,,,,0,10,70.76,Cash (non-F&O),False,Leading,
2026-10-05,LGEINDIA,6,B+G+Vol,Breakout,,False,3.05,1770.9,1743.9,,,False,True,False,False,False,True,True,True,False,False,False,False,5.8,5.8,,6.53,12.63,20.3,3.05,30.0,9.06,,0,10,116.0,Midcap 150,True,Weakening,
2026-10-05,LIQUIDCASE,6,B+G+Vol,Breakout,,False,0.02,116.22,116.16,,,False,True,False,False,False,True,True,True,False,False,False,False,2.03,1.51,Inside-day breakout,0.36,1.16,8.83,0.02,30.0,0.54,5% band,1,5,217.52,Cash (non-F&O),False,No data,
2026-10-05,LIQUIDPLUS,8,D+E+A+G,Retest,In buy zone,False,0.41,1106.1,1103.37,,,True,False,False,True,True,True,True,False,False,False,False,False,0.89,0.89,Inside-day breakout,0.37,1.16,8.84,1.9,,,5% band,1,5,54.86,Cash (non-F&O),False,No data,
2026-10-05,NRBBEARING,6,C+A+G,Pullback,Above buy zone by 3.2%: wait for a dip into the zone,False,4.52,535.7,503.9,559.9,7.88,True,False,True,False,False,True,True,False,False,False,False,False,0.37,0.37,,18.77,23.72,31.39,4.52,,,,0,20,57.11,Cash (non-F&O),False,No data,
2026-10-05,PCJEWELLER,8,C+A+G+OB,Pullback,Above buy zone by 0.2%: wait for a dip into the zone,False,13.78,13.06,12.66,14.44,10.74,True,False,True,False,False,True,True,False,False,True,False,False,0.58,0.58,,24.14,38.79,46.46,13.78,,,ASM,1,20,477.27,Cash (non-F&O),False,Weakening,
2026-10-05,SMCGLOBAL,7,C+A+G+Vol,Pullback,Above buy zone by 17.1%: wait for a dip into the zone,False,3.76,114.5,94.9,118.8,21.54,True,False,True,False,False,True,True,True,False,False,False,False,13.82,13.82,,44.17,60.86,68.53,3.76,,,,0,20,104.17,Cash (non-F&O),False,No data,
2026-10-05,SMSPHARMA,6,C+A+G,Pullback,Above buy zone by 3.6%: wait for a dip into the zone,False,3.47,477.85,447.8,494.45,7.2,True,False,True,False,False,True,True,False,False,False,False,False,0.34,0.34,,27.72,12.83,20.51,3.47,,,,0,20,70.32,Cash (non-F&O),False,No data,
2026-10-01,LALPATHLAB,8,B+A+G+Vol,Breakout,,False,1.67,2005.1,1994.0,,,True,True,False,False,False,True,True,True,False,False,False,False,1.66,1.66,,4.64,18.93,26.54,1.67,10.0,6.92,,0,20,66.78,Cash (non-F&O),False,Leading,
2026-10-01,SMLMAH,7,D+A+G,Retest,Above buy zone by 1.4%: wait for a dip into the zone,False,10.36,6251.0,5987.9,6654.0,7.89,True,False,False,True,False,True,True,False,False,False,False,False,0.75,0.75,,17.53,60.6,68.22,10.36,,,5% band,1,5,56.32,Cash (non-F&O),False,Leading,
2026-10-01,SSWL,10,D+C+A+G+Vol,Retest,In buy zone,False,7.42,390.8,384.15,419.8,6.1,True,False,True,True,False,True,True,True,False,False,False,False,2.4,2.4,,11.75,58.74,66.36,7.42,,,,0,20,53.48,Cash (non-F&O),False,No data,
2026-10-01,SYNCOMF,7,C+A+G+Vol,Pullback,Above buy zone by 3.0%: wait for a dip into the zone,False,14.73,23.96,22.59,27.49,18.15,True,False,True,False,False,True,True,True,False,False,False,False,1.53,1.53,,12.01,71.51,79.13,14.73,,,ASM,1,20,71.55,Cash (non-F&O),False,No data,
2026-10-01,UNIMECH,8,C+A+G+OB,Pullback,Above buy zone by 4.1%: wait for a dip into the zone,False,5.37,1773.0,1652.8,1868.2,9.74,True,False,True,False,False,True,True,False,False,True,False,False,1.22,1.22,,22.12,49.36,56.97,5.37,,,,0,10,56.7,Cash (non-F&O),False,Leading,
2026-09-30,ACMESOLAR,11,D+C+A+G+OB,Retest,In buy zone,False,8.63,439.0,430.5,476.9,7.55,True,False,True,True,False,True,True,False,False,True,False,False,0.4,0.4,,8.74,14.55,20.98,8.63,,,,0,20,117.96,Cash (non-F&O),False,Improving,
2026-09-30,ELLEN,10,D+C+A+G+Vol,Retest,Above buy zone by 0.7%: wait for a dip into the zone,False,10.66,356.9,343.95,390.6,10.26,True,False,True,True,False,True,True,True,False,False,False,False,1.51,1.51,,13.16,36.61,43.05,40.66,,,,0,10,55.09,Cash (non-F&O),False,Improving,
2026-09-30,NAZARA,8,B+A+G+Vol,Breakout,,False,2.3,392.85,384.5,,,True,True,False,False,False,True,True,True,False,False,False,False,1.57,1.85,,6.85,28.53,34.96,2.3,20.0,11.26,,0,20,51.9,Cash (non-F&O),False,Leading,
2026-09-30,SAILIFE,8,C+A+G+OB,Pullback,In buy zone,False,11.32,1524.5,1494.4,1697.0,10.25,True,False,True,False,False,True,True,False,False,True,False,False,0.7,0.7,,0.42,21.25,27.68,11.32,,,,0,20,104.82,Cash (non-F&O),False,Leading,
2026-09-30,WOCKPHARMA,8,C+A+G+OB,Pullback,In buy zone,False,11.52,2116.3,2067.7,2272.9,6.72,True,False,True,False,False,True,True,False,False,True,False,False,0.6,0.6,,14.36,9.17,15.61,14.46,,,,0,20,301.28,Cash (non-F&O),False,Leading,
2026-09-30,YATHARTH,11,D+C+A+G+OB,Retest,In buy zone,False,14.67,1032.5,1024.85,1184.0,12.16,True,False,True,True,False,True,True,False,False,True,False,False,1.08,1.08,,5.92,19.29,25.72,14.67,,,,0,20,91.81,Cash (non-F&O),False,Leading,
2026-09-29,CENTUM,6,E+A+G+Vol,Candle at support,Above buy zone by 7.4%: wait for a dip into the zone,False,1.6,4920.7,4450.0,4999.5,9.08,True,False,False,False,True,True,True,True,,,,,3.92,3.92,Bullish engulfing,42.82,33.21,38.58,1.6,,,ASM,1,20,65.35,Cash (non-F&O),False,No data,
2026-09-29,ENGINERSIN,6,C+A+G,Pullback,Above buy zone by 4.0%: wait for a dip into the zone,False,3.61,310.2,289.65,321.4,7.73,True,False,True,False,False,True,True,False,,,,,0.57,0.57,,18.46,32.45,37.82,3.61,,,,0,20,180.18,Cash (non-F&O),False,Lagging,
2026-09-29,GESHIP,6,B+G+Vol,Breakout,,False,2.87,1537.8,1505.0,1798.0,12.53,False,True,False,False,False,True,True,True,,,,,2.52,4.09,,18.13,8.15,13.52,16.92,15.0,11.32,,0,20,140.83,Cash (non-F&O),False,Leading,
2026-09-29,KIRIINDUS,6,C+A+G,Pullback,Above buy zone by 0.3%: wait for a dip into the zone,False,11.13,543.45,525.9,589.85,8.89,True,False,True,False,False,True,True,False,,,,,0.32,0.32,,2.36,42.79,48.16,43.34,,,ASM,1,20,81.64,Cash (non-F&O),False,No data,
2026-09-29,LIQUID1,8,D+A+G+Vol,Retest,In buy zone,False,1.99,1124.68,1123.29,,,True,False,False,True,False,True,True,True,,,,,1.84,1.84,,0.38,1.19,6.57,1.99,,,5% band,1,5,112.16,Cash (non-F&O),False,No data,
2026-09-29,MANINDS,9,D+C+A+G,Retest,In buy zone,False,8.35,959.6,944.0,1039.7,6.93,True,False,True,True,False,True,True,False,,,,,0.5,0.5,,27.45,60.71,66.08,8.35,,,ASM,1,20,182.37,Cash (non-F&O),False,No data,
2026-09-29,PTCIL,5,E+A+G,Candle at support,In buy zone,False,7.06,22535.0,22055.0,24125.0,6.2,True,False,False,False,True,True,True,False,,,,,0.68,0.68,Bullish engulfing,1.9,28.87,34.24,7.06,,,,0,20,62.29,Cash (non-F&O),False,Leading,
2026-09-29,SANSERA,7,C+A+G+Vol,Pullback,Above buy zone by 4.8%: wait for a dip into the zone,False,8.74,4362.2,4040.4,4743.5,13.98,True,False,True,False,False,True,True,True,,,,,3.81,3.81,,8.57,35.48,40.85,8.74,,,ASM,1,20,131.89,Cash (non-F&O),False,Weakening,
2026-09-29,WABAG,5,E+A+G,Candle at support,Above buy zone by 1.1%: wait for a dip into the zone,False,10.76,2093.8,2010.1,2215.0,6.98,True,False,False,False,True,True,True,False,,,,,1.09,1.09,Bullish engulfing,5.79,-4.41,0.97,10.76,,,,0,20,140.46,Cash (non-F&O),False,No data,
2026-09-29,ZYDUSLIFE,6,B+G+Vol,Breakout,,False,2.63,1200.5,1198.9,,,False,True,False,False,False,True,True,True,,,,,1.73,1.64,,3.38,9.16,14.53,2.63,30.0,10.4,,0,No Band,167.47,F&O,False,Leading,
